id,first_name,last_name,sueldo
1,Bridie,Penk,20675.98
2,Rabi,Ailmer,39788.84
3,Xymenes,Bonde,40434.59
4,Cheryl,Cumberland,43014.50
5,Nataline,Mosby,48624.74
6,Jules,Musterd,28563.20
7,Zorine,Hufton,45338.51
8,Katy,Skillington,42705.16
9,Alexandr,Dulany,41109.31
10,Garnette,Advani,35071.90
11,Jeno,Montfort,40324.33
12,Gonzalo,Vuitte,24647.24
13,Rivy,Crighton,35696.68
14,Sofie,Dunphy,41354.23
15,Francklin,Blackmuir,22280.74
16,Paola,Curle,28738.88
17,Corrianne,Daffey,26198.30
18,Zechariah,Jago,46932.76
19,Shela,Will,39145.17
20,Rasla,Janu,44369.93
21,Lyell,Jeaffreson,34405.47
22,Aland,Collet,27139.23
23,Noellyn,Dyet,22786.59
24,Gare,Lethem,49724.55
25,Dunc,Chasemoore,25954.55
